<?xml version="1.0" encoding="UTF-8"?><licenseSummary>
  <dependencies>
    <dependency>
      <groupId>org.keycloak</groupId>
      <artifactId>keycloak-adapter-core</artifactId>
      <version>18.0.0.redhat-00001</version>
      <licenses>
        <license>
          <name>Apache Software License 2.0</name>
          <url>https://raw.githubusercontent.com/keycloak/keycloak/18.0.0.redhat-00001/LICENSE.txt</url>
        </license>
      </licenses>
    </dependency>
    <dependency>
      <groupId>org.keycloak</groupId>
      <artifactId>keycloak-adapter-spi</artifactId>
      <version>18.0.0.redhat-00001</version>
      <licenses>
        <license>
          <name>Apache Software License 2.0</name>
          <url>https://raw.githubusercontent.com/keycloak/keycloak/18.0.0.redhat-00001/LICENSE.txt</url>
        </license>
      </licenses>
    </dependency>
    <dependency>
      <groupId>org.keycloak</groupId>
      <artifactId>keycloak-authz-client</artifactId>
      <version>18.0.0.redhat-00001</version>
      <licenses>
        <license>
          <name>Apache Software License 2.0</name>
          <url>https://raw.githubusercontent.com/keycloak/keycloak/18.0.0.redhat-00001/LICENSE.txt</url>
        </license>
      </licenses>
    </dependency>
    <dependency>
      <groupId>org.keycloak</groupId>
      <artifactId>keycloak-common</artifactId>
      <version>18.0.0.redhat-00001</version>
      <licenses>
        <license>
          <name>Apache Software License 2.0</name>
          <url>https://raw.githubusercontent.com/keycloak/keycloak/18.0.0.redhat-00001/LICENSE.txt</url>
        </license>
      </licenses>
    </dependency>
    <dependency>
      <groupId>org.keycloak</groupId>
      <artifactId>keycloak-core</artifactId>
      <version>18.0.0.redhat-00001</version>
      <licenses>
        <license>
          <name>Apache Software License 2.0</name>
          <url>https://raw.githubusercontent.com/keycloak/keycloak/18.0.0.redhat-00001/LICENSE.txt</url>
        </license>
      </licenses>
    </dependency>
    <dependency>
      <groupId>org.keycloak</groupId>
      <artifactId>keycloak-jboss-adapter-core</artifactId>
      <version>18.0.0.redhat-00001</version>
      <licenses>
        <license>
          <name>Apache Software License 2.0</name>
          <url>https://raw.githubusercontent.com/keycloak/keycloak/18.0.0.redhat-00001/LICENSE.txt</url>
        </license>
      </licenses>
    </dependency>
    <dependency>
      <groupId>org.keycloak</groupId>
      <artifactId>keycloak-undertow-adapter</artifactId>
      <version>18.0.0.redhat-00001</version>
      <licenses>
        <license>
          <name>Apache Software License 2.0</name>
          <url>https://raw.githubusercontent.com/keycloak/keycloak/18.0.0.redhat-00001/LICENSE.txt</url>
        </license>
      </licenses>
    </dependency>
    <dependency>
      <groupId>org.keycloak</groupId>
      <artifactId>keycloak-undertow-adapter-spi</artifactId>
      <version>18.0.0.redhat-00001</version>
      <licenses>
        <license>
          <name>Apache Software License 2.0</name>
          <url>https://raw.githubusercontent.com/keycloak/keycloak/18.0.0.redhat-00001/LICENSE.txt</url>
        </license>
      </licenses>
    </dependency>
    <dependency>
      <groupId>org.keycloak</groupId>
      <artifactId>keycloak-wildfly-adapter</artifactId>
      <version>18.0.0.redhat-00001</version>
      <licenses>
        <license>
          <name>Apache Software License 2.0</name>
          <url>https://raw.githubusercontent.com/keycloak/keycloak/18.0.0.redhat-00001/LICENSE.txt</url>
        </license>
      </licenses>
    </dependency>
    <dependency>
      <groupId>org.keycloak</groupId>
      <artifactId>keycloak-wildfly-elytron-oidc-adapter</artifactId>
      <version>18.0.0.redhat-00001</version>
      <licenses>
        <license>
          <name>Apache Software License 2.0</name>
          <url>https://raw.githubusercontent.com/keycloak/keycloak/18.0.0.redhat-00001/LICENSE.txt</url>
        </license>
      </licenses>
    </dependency>
    <dependency>
      <groupId>org.keycloak</groupId>
      <artifactId>keycloak-wildfly-subsystem</artifactId>
      <version>18.0.0.redhat-00001</version>
      <licenses>
        <license>
          <name>Apache Software License 2.0</name>
          <url>https://raw.githubusercontent.com/keycloak/keycloak/18.0.0.redhat-00001/LICENSE.txt</url>
        </license>
      </licenses>
    </dependency>
  </dependencies>
</licenseSummary>
